Student_Code,Surname,Forname1,Forname2,Tutor,Course,Acad_Year,Univ_Email
163333,Nick,Lucas,Homes,Kirril,ComSC,2017,lucas.homes@gmail.com
164444,Lilly,Kores,Gomez,Kirril,ComSC,2016,kores.gomez@hotmai.com
165555,John,Xesos,,Mat,Math,2015,john.xeros@abv.bg
162222,James, Berox,,Kirril,Philosophy,2016,james.berox@yahoo.com
161111,George,Malek,Lopez,Mat,ComSC,2017,gorge.malek@bing.com
